,0_n,0_l,0_s,0_p,1_n,1_l,1_s,1_p,2_n,2_l,2_s,2_p,3_n,3_l,3_s,3_p,4_n,4_l,4_s,4_p,5_n,5_l,5_s,5_p,6_n,6_l,6_s,6_p,7_n,7_l,7_s,7_p
0,RPS12,1.0447919,31.996029,1.238285933537078e-224,LYZ,6.237543,33.95564,1.0070599098019744e-252,CD74,4.0795345,28.874624,2.4871450354007882e-183,CCL5,5.339146,23.970238,5.684886371884473e-127,NKG7,6.887014,20.800077,4.321025256797833e-96,LST1,5.1750164,19.533945,5.650218540434571e-85,HLA-DPA1,4.2783146,9.400656,5.422417410052873e-21,PF4,12.905741,6.228046,4.722885531370455e-10
1,LDHB,2.6774418,31.757267,2.520407355232732e-221,S100A9,7.345999,33.645206,3.66429187714986e-248,CD79A,7.749746,27.834063,1.6797304742485914e-170,NKG7,4.886379,21.840792,9.509248373280316e-106,GNLY,7.831739,19.893412,4.6407318191711245e-88,FCER1G,4.791562,19.120728,1.6972360470981872e-81,HLA-DPB1,4.4348464,9.365183,7.591859764750793e-21,GNG11,12.428451,6.2276807,4.733899413238275e-10
2,RPS25,1.1651587,30.160877,7.72395994246345e-200,S100A8,7.582098,32.99539,9.457376749443914e-239,HLA-DRA,4.8870344,27.533672,6.94239904490295e-167,CST7,4.2051888,19.11684,1.8285699314334396e-81,GZMB,7.6691294,19.887627,5.208282129481285e-88,AIF1,4.8223257,18.890028,1.3777227278903892e-79,HLA-DRA,4.6085496,9.059811,1.3067679399654167e-19,SDPR,11.863666,6.2276807,4.733899413238275e-10
3,RPS27,1.0181695,29.339714,3.23255874813864e-189,TYROBP,5.511171,31.977945,2.2094304543962917e-224,CD79B,5.5180044,26.463242,2.5691351201918606e-154,B2M,0.76456326,18.954473,4.0559644518254e-80,CTSW,4.828786,19.729544,1.2025135068662545e-86,COTL1,3.6075785,18.664186,9.68401581288939e-78,HLA-DRB1,4.2373934,9.020924,1.8651042174813593e-19,PPBP,13.035219,6.227316,4.744938361686981e-10
4,RPS6,0.86846596,29.112764,2.4748166831986545e-186,FTL,3.5048409,31.598179,3.91090281547398e-219,HLA-DPB1,4.0658145,25.923912,3.580735291519352e-148,GZMA,4.0459285,18.311432,6.708180244046736e-75,PRF1,6.324315,19.53961,5.0566391618904174e-85,FCGR3A,5.5666327,18.48934,2.516161206642466e-76,CD74,3.6391494,8.894787,5.853160620287338e-19,NRGN,9.092909,6.2254906,4.800511051963354e-10
5,RPS3,0.874085,28.940907,3.6523306180582247e-184,FCN1,5.714584,31.396246,2.2767402852266812e-216,MS4A1,6.434406,25.273188,6.299036341936536e-141,IL32,2.631643,17.663044,8.07652319453547e-70,GZMA,5.312478,18.665909,9.37652982087891e-78,FTH1,2.919422,17.925562,7.449486688765962e-72,HLA-DQA1,4.8258915,8.894236,5.88226256816157e-19,SPARC,10.895902,6.220745,4.947989758718316e-10
6,RPS14,0.7833152,28.187862,8.237111621017165e-175,CST3,5.7402673,31.320286,2.4708111277956716e-215,HLA-DQA1,5.3614807,25.263664,8.015931775242311e-141,CTSW,3.151719,17.22827,1.6295413617942514e-66,CST7,5.310078,18.61978,2.221252442766338e-77,IFITM2,2.9174232,17.840235,3.442410489501567e-71,CST3,4.9127884,8.859975,8.003225558759849e-19,GPX1,6.478824,6.220745,4.947989758718316e-10
7,RPL31,1.1294408,27.66605,1.7893098889187444e-168,S100A6,3.012136,30.684288,9.223558147195493e-207,CD37,2.5037396,24.385656,2.427949623950621e-131,HLA-C,0.9985999,16.822832,1.660297495583874e-63,HLA-C,1.4718487,18.234234,2.7609274406250263e-74,IFITM3,4.723486,17.737139,2.166928629661276e-70,FCER1A,8.774559,8.552179,1.2078568209574999e-17,TPM4,6.943187,6.2141747,5.159512646947618e-10
8,TPT1,0.9318424,27.448849,7.170775463827323e-166,FTH1,2.8724747,30.614162,7.930510637382021e-206,HLA-DRB1,3.9003642,24.356514,4.945621063612681e-131,HLA-A,1.0181262,15.684868,1.9196170237482476e-55,B2M,1.056697,17.944027,5.343839697718154e-72,SAT1,3.5704675,17.542645,6.770218557207121e-69,HLA-DRB5,3.8885896,8.462948,2.607031576071473e-17,RGS18,8.6062975,6.2130795,5.195614032364577e-10
9,RPL30,1.0156043,27.260382,1.2518024045835497e-163,LGALS2,6.635652,30.31283,7.767348849881315e-202,HLA-DQB1,4.9834814,24.306189,1.6861714073849571e-130,GZMK,5.0128236,15.306052,6.966597555382329e-53,FGFBP2,6.6747084,17.858244,2.493615899688546e-71,PSAP,3.399478,17.253443,1.0542644493779111e-66,HLA-DMA,3.505625,7.962036,1.6923123930292695e-15,CALM3,4.9173193,6.185337,6.196999764872093e-10
10,CD3D,3.1083028,27.25156,1.5925478956552088e-163,LGALS1,4.445242,29.998177,1.0365928632028768e-197,HLA-DPA1,3.6985204,23.715504,2.4949877101633603e-124,CD3D,2.2123218,15.081421,2.145994476867183e-51,HLA-A,1.4062266,16.227625,3.216658408357619e-59,FTL,3.1379678,17.075285,2.2671541128014456e-65,HLA-DQB1,4.084104,7.933944,2.122931638891062e-15,RGS10,5.0098014,6.1112347,9.886322693278598e-10
11,RPL3,0.85580146,27.100544,9.701901157908418e-162,GSTP1,3.7228882,28.65447,1.4100655732898457e-180,HLA-DRB5,3.2916484,19.837755,1.4060033132517945e-87,PTPRCAP,1.7484294,13.605233,3.72775814295931e-42,CD247,3.843913,15.632612,4.365339707582394e-55,SERPINA1,4.1449847,16.801813,2.366988230798063e-63,HLA-DQA2,4.17601,7.3119636,2.6326623947040697e-13,TAGLN2,4.831951,6.068526,1.2908982105660859e-09
12,RPL32,0.73524594,26.736687,1.763727130984836e-157,S100A4,2.7945187,28.621107,3.670318972377374e-180,TCL1A,6.9127364,18.304682,7.593477324714468e-75,LYAR,2.8680968,12.201808,3.03999758078055e-34,FCGR3A,4.276089,15.315544,6.020558186819507e-53,CTSS,3.4378908,16.70578,1.1896251518970183e-62,LSP1,2.206801,7.217554,5.293099951994246e-13,MYL6,2.8499062,5.8907537,3.844385405560246e-09
13,RPS27A,1.3023096,26.69614,5.218399513936722e-157,AIF1,4.653149,28.48831,1.6351789852727007e-178,RPL18A,0.7295571,17.357378,1.734669063423158e-67,GZMM,2.407191,12.169598,4.51301692899774e-34,SPON2,6.157989,14.686876,7.823779391234917e-49,OAZ1,1.9974388,16.539986,1.890683153238154e-61,LYZ,4.2577515,7.1857166,6.685548473257012e-13,OAZ1,3.2184496,5.8502345,4.908799997693448e-09
14,RPS15A,0.940156,26.49942,9.842805628142478e-155,TYMP,4.326859,28.324652,1.718129669913864e-176,LINC00926,7.3511324,16.704102,1.223564521749082e-62,HCST,1.5808461,12.093404,1.1444552895152335e-33,HLA-B,1.2634428,14.676684,9.092890148820239e-49,S100A11,3.2482524,16.466911,6.342631759877301e-61,CLEC10A,6.929531,7.0512075,1.7737148788797854e-12,GP9,12.910398,5.7471123,9.07804721604925e-09
15,RPL9,1.1000047,26.410976,1.0249952747852298e-153,OAZ1,2.0041482,28.062849,2.7842827854750985e-173,HLA-DMA,3.1129088,16.568403,1.1791663206587082e-61,CD8A,3.6810188,11.9372635,7.567227577368338e-33,GZMM,3.545088,14.4519825,2.4357393315574325e-47,CD68,3.896719,15.789108,3.6976832829273317e-56,AP1S2,2.966939,7.0250993,2.1391442126005644e-12,HIST1H2AC,9.46766,5.7337885,9.82118103446561e-09
16,RPLP2,0.84140724,26.33058,8.566258168539766e-153,LST1,4.556776,28.054441,3.526051320844782e-173,RPS23,0.79569244,15.118837,1.2167251755840468e-51,HLA-B,0.70849454,11.168057,5.844530049041832e-29,CD7,2.9509788,13.934684,3.8992516479797877e-44,S100A4,2.5376325,15.704666,1.405157562692662e-55,GRN,3.0342827,6.967484,3.2265964566742e-12,CD9,9.544075,5.7306857,1.0002547695124573e-08
17,EEF1A1,0.73487693,26.030714,2.2246573886682036e-149,GPX1,3.8618464,27.890686,3.4608288871008204e-171,RPS11,0.9083667,15.013462,5.993553139510315e-51,MALAT1,0.60977244,10.981224,4.705068707658625e-28,CCL4,5.101084,13.623933,2.885986390409687e-42,RP11-290F20.3,4.9034557,15.685956,1.8870006322830193e-55,GPX1,2.8019364,6.9206643,4.495300659587967e-12,MYL12A,2.8250475,5.692722,1.2502986129337168e-08
18,RPS18,0.75430703,25.927774,3.23891972172099e-148,CTSS,3.5470533,27.881092,4.523949451842999e-171,RPS5,0.7859174,14.756884,2.778247029502039e-49,KLRG1,3.4133456,10.9495325,6.679135031727947e-28,PLAC8,2.614981,13.604451,3.767868729647957e-42,TIMP1,3.5030782,15.414249,1.3128672416518659e-53,VIM,2.0125842,6.903369,5.078353456091121e-12,CCL5,5.6169353,5.6826835,1.3259748137648543e-08
19,RPL13,0.71548325,25.528658,9.47754265969051e-144,SAT1,3.233592,26.643316,2.1391549849718397e-156,VPREB3,7.412925,14.55383,5.522252008318506e-48,LCK,1.5969559,9.822066,9.046999340175011e-23,UBB,1.698966,13.53677,9.487003812982274e-42,CST3,4.471671,15.314188,6.147479187700839e-53,GSTP1,2.7004032,6.846084,7.589888505363531e-12,ITM2B,2.7670145,5.577371,2.441808327271717e-08
20,RPS29,1.3043845,25.380608,4.12934131368846e-142,S100A11,3.2662945,26.491858,1.2029815383424452e-154,HLA-DQA2,4.2376328,14.388606,6.1012988060624775e-47,PRF1,2.3932178,9.8097725,1.0219833711217901e-22,SRGN,2.2365,13.193479,9.56667992582103e-40,CFD,3.864133,15.303812,7.210654088470995e-53,CPVL,3.635362,6.551618,5.691691703283171e-11,SH3BGRL3,3.029939,5.5764585,2.45464660177741e-08
21,RPL27A,0.8063799,24.973806,1.177577552064306e-137,COTL1,3.0127926,26.313232,1.3532601184814991e-152,HLA-DMB,3.2291071,13.895106,6.782266837245726e-44,CD99,1.3499297,9.804824,1.0733434069901765e-22,ITGB2,2.4033587,13.175006,1.2221845278295184e-39,CEBPB,3.3974173,15.245199,1.771923497327457e-52,HLA-DMB,2.9530616,6.389458,1.6647459910348504e-10,ACTB,2.4619632,5.394671,6.864926943982724e-08
22,RPL21,0.89207035,24.825678,4.735766883873787e-136,PSAP,3.2265527,26.182117,4.247858492586379e-151,LTB,1.8382542,13.799104,2.5804127877275103e-43,GZMH,3.8315992,9.556843,1.2140322606456574e-21,HOPX,4.12434,12.661158,9.705789414537932e-37,ACTB,1.2609444,15.235209,2.064647232487475e-52,ANXA2,2.4289894,6.364451,1.95989317164696e-10,H3F3A,3.9362462,5.3658333,8.057642346879807e-08
23,RPL23A,0.87546885,24.685959,1.5135562169710178e-134,FCER1G,4.1317744,25.93452,2.7183880239988206e-148,BANK1,4.789382,13.6591,1.7817327044865008e-42,RARRES3,1.3861358,9.536049,1.483784775657649e-21,PFN1,1.203439,12.334747,5.887365024728426e-35,SPI1,3.8380578,15.1103115,1.3848334959268716e-51,H2AFY,2.5226517,6.3139963,2.7192020047603897e-10,PRDX6,4.5396433,5.272749,1.3439519548459475e-07
24,RPS3A,1.105829,24.573374,2.4335960664975164e-133,CYBA,2.0053225,25.61334,1.083524327775598e-144,HVCN1,3.948038,13.259431,3.979040400524873e-40,MYL12A,0.7284457,8.866067,7.57752489460179e-19,ID2,2.5533466,12.257298,1.5353431704676728e-34,MS4A7,4.9905877,15.072671,2.450036047918879e-51,LGALS1,2.9443579,6.1998677,5.651071725373199e-10,AP001189.4,12.177617,5.2683687,1.3764141020895208e-07
25,RPL13A,0.6768916,24.403606,1.5659057020266918e-131,NPC2,3.3933277,25.548788,5.663609117197989e-144,CXCR4,1.6055827,12.376815,3.4891700692872133e-35,HLA-E,0.7180932,8.716472,2.8700489085665126e-18,GZMH,4.452022,11.97516,4.79515939137763e-33,RHOC,4.0532804,15.057604,3.0773960462513245e-51,GABARAP,2.1871557,6.1094236,9.999159934580276e-10,ITGA2B,12.20023,5.2669086,1.3874023973083816e-07
26,LTB,2.4525526,23.827087,1.7502086456925205e-125,CFD,4.5589232,24.665953,2.481700779287578e-134,LAPTM5,1.0965397,12.347976,4.99523954056159e-35,CD3E,1.307181,8.464101,2.5813562621208608e-17,CD63,2.5669568,11.770416,5.54502610677596e-32,TYROBP,4.1721783,15.020626,5.379737771639185e-51,LGALS2,3.0126083,6.026801,1.6723638482696436e-09,OST4,3.1657836,5.2605205,1.4364819925461082e-07
27,CD3E,2.6231592,23.713547,2.6137379279869655e-124,GABARAP,2.7904382,23.989798,3.5535977478898936e-127,RPL13A,0.4984408,12.305803,8.429357190702436e-35,CD8B,2.5661612,7.967622,1.617572839075052e-15,XCL2,6.131514,11.684527,1.5292832560609324e-31,STXBP2,3.5248382,14.821441,1.0647607521751015e-49,ACTB,1.0116243,6.025149,1.6895404361104074e-09,TUBB1,10.353166,5.2555923,1.475486610608318e-07
28,RPS13,0.97652096,23.62745,2.013266813994954e-123,GRN,4.2252326,23.759182,8.830882865995066e-125,RPS8,0.5877859,12.140313,6.457868559177891e-34,CD2,1.4053497,7.5875287,3.2606438340353e-14,CLIC3,5.7474465,11.552136,7.200749465501718e-31,TYMP,3.3203158,14.764539,2.480141043609824e-49,CTSH,2.8080645,5.980753,2.2210825502391536e-09,CLU,10.489743,5.246832,1.5473715716594662e-07
29,RPL35A,0.79994553,23.588427,5.066707989937105e-123,AP1S2,3.6014023,22.668148,9.239836875736345e-114,RPL15,0.44649544,12.022481,2.707195058340499e-33,HOPX,2.106751,7.453221,9.108852387739463e-14,KLRD1,5.5312166,11.537698,8.517402300636105e-31,LGALS1,3.4991531,14.704325,6.047100820923396e-49,FCGRT,2.5602577,5.8958173,3.728310515417716e-09,RUFY1,7.232301,5.2165337,1.8230236405511038e-07
30,RPS4X,0.6835437,23.567019,8.40096861659027e-123,MS4A6A,5.6071796,22.480293,6.47104057338808e-112,ISG20,1.6564063,11.72651,9.322327693307052e-32,PFN1,0.56974536,7.317197,2.532040460936285e-13,MYL12A,1.3001665,11.531487,9.154821999862271e-31,NPC2,2.9602742,14.649851,1.3501121635858296e-48,AP2S1,2.195199,5.8147373,6.0729144782224835e-09,ARPC5,3.1943455,5.205948,1.9300896288813363e-07
31,RPSA,1.1406736,23.565807,8.644876564380011e-123,GAPDH,1.6977633,22.4406,1.5810100088736737e-111,RPL8,0.55853105,11.684643,1.5272080126305758e-31,APOBEC3G,1.7708521,7.296522,2.95301642191672e-13,PTPRCAP,1.8227959,11.53016,9.297044624708412e-31,TMSB4X,0.74689794,14.604594,2.6254042967609753e-48,CAPG,2.6173885,5.7804766,7.448926231505922e-09,MPP1,7.1793003,5.205218,1.9376934019235725e-07
32,RPS20,1.0815954,23.498436,4.231715514317588e-122,CD14,6.3500524,22.304274,3.3584591344959347e-110,FCER2,6.581994,11.354576,7.038065242714999e-30,UBC,0.54138947,7.1424174,9.170367786349705e-13,APMAP,3.8736644,11.437742,2.7084309913469956e-30,ARPC3,1.7552035,14.31887,1.6681525376655088e-46,ARPC1B,1.5628345,5.6641445,1.4775987166754415e-08,ARPC1B,3.220989,5.1931715,2.0674155987880343e-07
33,RPL11,0.58739704,23.28851,5.7967634321389036e-120,TSPO,2.6675289,22.240084,1.4069435850601013e-109,RPL18,0.51220447,10.689642,1.1380905119083753e-26,DUSP2,1.568922,6.9966946,2.620720008580386e-12,HLA-E,1.205486,11.383544,5.050493077798497e-30,YBX1,1.6326232,13.9384365,3.6995808888929966e-44,TYMP,2.4373572,5.638256,1.7178084814707626e-08,NGFRAP1,6.5045896,5.184776,2.162749861211221e-07
34,RPS28,0.85867655,22.905977,4.050710209871598e-116,RAC1,2.7455363,22.003336,2.675622610685924e-107,SNX2,2.293152,10.305059,6.685011700978031e-25,MYL12B,0.67661345,6.682578,2.347749551213309e-11,HCST,1.917677,10.940668,7.365514738397128e-28,HCK,3.9357138,13.845108,1.3617646340845166e-43,SPI1,2.5035067,5.592428,2.239156066117722e-08,GRAP2,6.275955,5.158493,2.489451737867039e-07
35,RPL14,0.69327563,22.05314,8.911944368282414e-108,PYCARD,2.988966,21.978905,4.5837941680793634e-107,LY86,2.384852,10.2078,1.8296658831498866e-24,SAMD3,2.2444143,6.5026493,7.891751325418703e-11,CCL5,3.3181424,10.922195,9.028702152775047e-28,S100A6,2.20074,13.700286,1.011253073569701e-42,SRGN,2.001722,5.5683026,2.5723281306307772e-08,CTSA,5.7334323,5.1205297,3.0467889606750526e-07
36,RPLP0,1.0267146,21.936377,1.1684731256437793e-106,LGALS3,3.833059,21.669527,3.9781827744730626e-104,RPL10A,0.5113311,9.985774,1.7592207949128886e-23,GIMAP7,0.87756723,6.4520397,1.103546894575919e-10,RARRES3,1.9962026,10.899369,1.1605920874705553e-27,IFI30,3.7168725,13.469752,2.3565578986125564e-41,RNF130,2.644029,5.565218,2.618248187688514e-08,ILK,5.884147,5.081471,3.745236320408388e-07
37,RPS10,0.8369398,21.770323,4.43490625394681e-105,CD68,3.937799,21.413261,1.005248048944114e-101,RPS27,0.54870695,9.980136,1.8621122173907758e-23,CD53,0.8153498,6.4453344,1.1534592365429101e-10,CD99,1.8783686,10.749302,5.971172379634736e-27,MYL6,1.5659318,13.457169,2.7941989592123227e-41,GAPDH,1.3572693,5.524458,3.305048397479482e-08,NCOA4,6.301606,5.035476,4.766619560309468e-07
38,RPL5,0.85648257,21.703495,1.9014899076733596e-104,TKT,3.0395234,21.409075,1.099744738511804e-101,SNHG7,1.9027499,9.807331,1.047011103238797e-22,CALM1,0.69564044,6.2852426,3.273420511046476e-10,IFITM2,1.5980873,10.709968,9.139420739740699e-27,NEAT1,2.1375427,13.231437,5.777262725393367e-40,CD33,3.5578763,5.457919,4.817467531911906e-08,TMSB4X,1.7040536,5.0124793,5.37331993356905e-07
39,RPL10,0.46968275,21.608242,1.5026178655874806e-103,NEAT1,2.1249738,21.080805,1.1933531082704288e-98,PTPRCAP,1.2449985,9.755254,1.7516269300944057e-22,ANXA1,0.8397049,6.222938,4.879295890019009e-10,CTSC,2.5275311,10.646851,1.803635978194761e-26,FKBP1A,2.359359,13.090423,3.735230043058859e-39,ACTG1,1.2843872,5.444149,5.205368670552345e-08,TUBA4A,5.2067175,5.009924,5.445156153415813e-07
40,RPS23,0.83386695,21.448586,4.7075582979222066e-102,CEBPD,3.8802042,20.786627,5.719370681665169e-96,CD52,0.78746593,9.732777,2.185446636319747e-22,CCL4,2.1592367,6.1212397,9.285021063403004e-10,IGFBP7,4.7458477,10.456493,1.3682590533188855e-25,LY6E,1.9985605,12.946208,2.4684925074854677e-38,FCER1G,2.5678666,5.443708,5.218268469007964e-08,FKBP1A,3.3995302,4.9934974,5.929560713223335e-07
41,IL7R,2.72861,21.420729,8.563853042893752e-102,SERPINA1,3.559269,20.668797,6.614606143269028e-95,IRF8,3.2837799,9.641574,5.336341200967621e-22,DDX5,0.5776068,6.06592,1.3120051329849161e-09,CLIC1,1.61207,10.377452,3.140444958188813e-25,BID,3.2809994,12.924739,3.2640371962592195e-38,LAP3,2.6054268,5.409668,6.31417699901024e-08,CDKN2D,5.0188966,4.9883866,6.08855597324979e-07
42,IL32,2.463781,21.321196,7.219187102187053e-101,TALDO1,2.6941485,19.739902,9.796587298664057e-87,GNB2L1,0.49848145,9.464006,2.9636380662363483e-21,CD247,1.1896465,6.050673,1.4424190227003773e-09,RAP1B,2.0772321,10.123819,4.331754490573658e-24,PFN1,1.204779,12.866071,6.986728999802304e-38,TAGLN2,1.92154,5.4074645,6.39231995496722e-08,FERMT3,5.3874726,4.969405,6.71586607376383e-07
43,RPL36,0.91571337,21.315804,8.100415171269268e-101,SH3BGRL3,1.4538019,19.538794,5.138192411435327e-85,EAF2,3.6469402,9.434216,3.9393081259913116e-21,TIGIT,2.8640256,6.0321136,1.6182908423845833e-09,TPST2,3.2016363,10.075407,7.096632837490052e-24,LRRC25,4.278384,12.681897,7.450631519464999e-37,COTL1,1.9878047,5.394906,6.855946095745845e-08,SAT1,3.4217274,4.8609896,1.1680039453569e-06
44,RPS16,0.69084924,20.795797,4.724414661288927e-96,CFP,3.737996,19.399897,7.7326262553176905e-84,RPSA,0.6816713,9.114892,7.874884901594322e-20,C12orf75,1.872959,5.9366813,2.9084955191683443e-09,CFL1,1.0017717,10.014414,1.317401441397632e-23,CFP,3.1232266,12.505893,6.931699138536585e-36,RNASE6,3.1575322,5.3805847,7.424428246246214e-08,TMEM40,11.757693,4.788895,1.6770205694977923e-06
45,NPM1,1.2649409,20.675758,5.726073178028105e-95,ARPC1B,1.614245,19.149664,9.741211298645455e-82,TSPAN13,6.122433,9.088224,1.006694194317491e-19,NCR3,2.4810631,5.8560567,4.7398679007313516e-09,FCER1G,2.4257998,9.839504,7.608501531704702e-23,PILRA,3.974307,12.424099,1.9339303638587349e-35,RAC1,1.9866663,5.352163,8.690922003877871e-08,TREML1,11.271906,4.7850623,1.7093430622618806e-06
46,JUNB,1.144327,20.545118,8.510533244547645e-94,HLA-DRA,2.9184823,18.876652,1.774899683311763e-79,RPL12,0.4058216,8.899571,5.606269548650347e-19,MT-CYB,0.39532778,5.8136287,6.113285427507201e-09,CALM1,1.4337271,9.729939,2.247262401529805e-22,HLA-DPA1,2.7564516,12.412232,2.2430876195368756e-35,EIF4A1,1.5304786,5.32991,9.826160039274792e-08,PTCRA,11.24871,4.7848797,1.7108970685590576e-06
47,RPL10A,0.7090056,20.25985,2.9084821466947135e-91,IFI6,2.561981,18.800032,7.547132727350601e-79,PDLIM1,4.2476506,8.882923,6.512580075219409e-19,IL2RG,0.8841966,5.7055044,1.1599919668815114e-08,AKR1C3,6.429607,9.666558,4.182074889097065e-22,BRI3,3.0548184,12.277235,1.200305864156698e-34,RNH1,2.1859353,5.3196645,1.039587486860131e-07,NAP1L1,2.8694177,4.7808642,1.745430733499965e-06
48,RPL19,0.5501905,20.109608,6.080336764053706e-90,FCGRT,3.361429,18.756216,1.7223224708183012e-78,FCRLA,6.493728,8.790159,1.4934867501451422e-18,BIN2,0.93150073,5.6055617,2.075806734378488e-08,APOBEC3G,2.6096518,9.624569,6.297040800456477e-22,PYCARD,2.5637426,12.272489,1.272801139145528e-34,TMSB10,0.62821615,5.309309,1.1004149756590087e-07,CA2,9.171832,4.769366,1.8480681916517834e-06
49,MALAT1,0.8078728,20.09996,7.38519946143873e-90,TMSB10,0.7087439,18.719952,3.4046604286749643e-78,LIMD2,0.8894076,8.642002,5.523638156921261e-18,IFITM1,0.822198,5.559901,2.6992764533766735e-08,IFITM1,1.8145847,9.621809,6.468369436096973e-22,SRGN,2.1785212,12.244893,1.789127975907386e-34,KLF4,3.0092218,5.291683,1.2119574448412226e-07,PGRMC1,7.348126,4.7354174,2.1860458800538356e-06
50,TMEM66,1.41553,19.50972,9.077786938066017e-85,ARPC3,1.3758019,18.470411,3.5735506532184e-76,RPL29,0.40488234,8.572133,1.0158524536963951e-17,ID2,0.98181343,5.4690585,4.524318231873067e-08,RAC2,1.4295421,9.483048,2.4696109251873304e-21,ARPC1B,1.6918621,12.180871,3.930605785678132e-34,CFP,2.5521607,5.287387,1.2407611241273373e-07,LAMTOR1,4.064388,4.673362,2.963094552459804e-06
51,NOSIP,2.2562275,19.34702,2.159758664491181e-83,NCF2,3.9885893,18.44773,5.438364795498977e-76,HLA-DOB,5.4623203,8.39209,4.775743394033355e-17,CTSC,1.122155,5.4489026,5.0681558942766446e-08,IL2RB,4.524534,9.346623,9.049019866002821e-21,ARPC2,1.4791728,12.037098,2.2679407182778385e-33,PYCARD,2.0159464,5.244864,1.5639779287406419e-07,ACTN1,5.8280754,4.6620455,3.1308198339792734e-06
52,RPL36A,0.97565717,19.236782,1.821750535478641e-82,SRGN,1.988887,18.055796,7.102990921161903e-73,NCF1,2.2015693,8.347555,6.969024948532291e-17,SEPT7,0.96842945,5.436011,5.448670019513541e-08,CD53,1.5298076,9.18026,4.300516588011563e-20,FGR,2.8879044,11.996974,3.68524994541523e-33,AMICA1,2.266166,5.213357,1.854533110276809e-07,PDLIM1,5.9551697,4.643976,3.41766882954698e-06
53,RPS5,0.74869484,18.488302,2.5650320780253027e-76,VIM,1.5284923,18.001629,1.8917237362395624e-72,GNG7,4.7499533,8.218561,2.0595886193462638e-16,CHST12,1.8995546,5.4220014,5.893550829828578e-08,TTC38,5.2575674,9.071704,1.171697325282372e-19,FAM26F,2.934821,11.954476,6.151983412027597e-33,PHACTR1,3.8342285,5.186477,2.1430901553839078e-07,ODC1,5.721426,4.5795474,4.659828473163687e-06
54,RPS15,0.54621196,18.328207,4.928870955399754e-75,SPI1,3.3481092,17.949175,4.87078819285937e-72,PPAPDC1B,3.5713053,8.204466,2.316186110507324e-16,FGFBP2,1.9587765,5.3680787,7.957992831070891e-08,BST2,1.660114,9.03513,1.638079774265106e-19,ABI3,3.2174478,11.8585,1.9442886236080736e-32,TYROBP,2.784332,5.1721563,2.314080077829938e-07,CAPN1,4.704132,4.460546,8.175106509525399e-06
55,RPL18,0.66556585,18.303188,7.804553091325203e-75,AP2S1,2.4884832,17.666668,7.57417254226077e-70,CYB561A3,3.1573746,8.180808,2.819471157241083e-16,YWHAQ,1.073005,5.278753,1.3006609025115364e-07,RHOC,2.5876908,9.0182495,1.9111916462545728e-19,CYBA,1.5956594,11.821245,3.0315768015690514e-32,FTH1,1.092214,5.1547503,2.539689346077444e-07,TIMP1,3.4744418,4.4417467,8.923151990532365e-06
56,RPL17,0.7086579,18.072653,5.2335819942504265e-73,ANXA2,2.2324314,17.574816,3.8413244966293265e-69,SMIM14,3.0120409,8.144007,3.8240766600640583e-16,CFL1,0.38925758,5.136702,2.7960182462171354e-07,MATK,4.0708857,8.897165,5.729091099930655e-19,PRELID1,2.2223005,11.804412,3.703718658881799e-32,LST1,2.3502214,5.118507,3.0796415827412417e-07,YWHAH,4.2291913,4.3771358,1.2024916862485506e-05
57,RPS2,0.4650913,17.98457,2.5737548789733256e-72,IFITM3,3.3083963,17.498493,1.4710817795542587e-68,PKIG,5.74632,8.103815,5.326199711663668e-16,LITAF,1.0073596,5.08246,3.725777624242342e-07,PDIA3,1.9256376,8.881187,6.615027571413476e-19,TKT,2.5035007,11.780017,4.948293666296599e-32,S100A10,1.7274851,5.118507,3.0796415827412417e-07,SRGN,3.1283047,4.31727,1.5797098699952326e-05
58,RPS26,0.947989,17.41058,6.858656224350279e-68,BRI3,3.3460264,17.302298,4.5200122267736625e-67,BLK,4.8241043,8.089186,6.006469506134869e-16,MT-CO3,0.27779263,5.0491724,4.437280465883264e-07,ARPC5L,2.5902445,8.536835,1.3794836644951475e-17,ANXA2,2.2792296,11.654126,2.1861177559172805e-31,IGSF6,2.9802544,5.10055,3.3866752835212063e-07,SEPT5,11.603709,4.309787,1.6341213586355404e-05
59,RPL4,0.7052801,17.38623,1.0491066008111438e-67,ATP5G2,1.2185364,17.29511,5.120521216661106e-67,FAU,0.37828553,8.072348,6.895921567886227e-16,HLA-F,0.92391825,5.026901,4.984697400200098e-07,ARPC2,1.0361457,8.533438,1.4206206624177847e-17,RHOG,2.2523568,11.61207,3.5784481148157217e-31,LY86,2.406671,5.091407,3.5541680589392585e-07,ASAH1,3.7741914,4.307779,1.64902072661284e-05
60,RPL7,0.72552735,17.345297,2.140660541595423e-67,CDA,4.2097125,17.147543,6.556764524201919e-66,FAIM3,1.8926376,8.006441,1.1807581457093688e-15,PPIA,0.47846955,4.9907,6.016096841036931e-07,SERF2,0.9444381,8.470693,2.4393752543827494e-17,LYN,3.2525473,11.543192,7.99043039117177e-31,ARF5,2.0321815,5.069374,3.9912613974790915e-07,HMGB1,2.2048705,4.303581,1.680593404889773e-05
61,RPS8,0.62430197,17.085669,1.8975697242971916e-65,BLVRB,3.9742382,17.073462,2.339107849016964e-65,RPS21,0.613872,7.997412,1.2706141233386065e-15,GIMAP4,0.7084755,4.9292336,8.255288215514244e-07,TYROBP,2.2151582,8.381831,5.211055317184028e-17,LILRA5,3.622829,11.415258,3.508597146139733e-30,TUBA1B,1.9429547,5.024978,5.034893618671332e-07,GPX4,2.3673122,4.303216,1.683365914738915e-05
62,RPLP1,0.47747442,16.981337,1.1288557788645405e-64,IFI30,3.7267952,16.985138,1.0580384755992047e-64,RPS18,0.37957737,7.9952407,1.2932105990390304e-15,MATK,2.403502,4.896106,9.775457888324107e-07,DHRS7,1.9177694,8.370365,5.743997681985031e-17,HES4,5.398074,11.351623,7.279878867513163e-30,RPS11,0.8518582,4.957999,7.122285975665186e-07,ACRBP,9.411564,4.293725,1.757000138788166e-05
63,RPS21,0.99871916,16.638525,3.6653269831120034e-62,S100A10,1.7011706,16.742786,6.392544443604292e-63,CD40,4.1355205,7.9925356,1.3219113350105326e-15,RPS3,0.323557,4.8721576,1.1038602626615253e-06,LITAF,1.8946694,8.233569,1.8171671729004568e-16,ANXA5,2.4894555,11.303827,1.2562117845415378e-29,CD1C,5.284674,4.957008,7.158713185992884e-07,F13A1,8.404276,4.281314,1.8579306919743153e-05
64,RPL22,1.0755035,16.496485,3.888804894384735e-61,C1orf162,2.2477438,16.686739,1.6367052988774926e-62,RPL23A,0.45317978,7.7919583,6.597838006207923e-15,RPS27A,0.5316319,4.864175,1.1493517636547791e-06,C12orf75,2.8454497,8.19949,2.4141032758636435e-16,C10orf54,2.2714276,11.262268,2.015042846532148e-29,PLD4,4.0349164,4.92495,8.438181129526641e-07,MMD,8.162552,4.2783937,1.882469255662721e-05
65,RPL38,0.8869876,16.364891,3.406398113566031e-60,SERF2,1.1411922,16.28607,1.2394166830434297e-59,RPL9,0.5301414,7.73009,1.0747049653003082e-14,ZAP70,1.5232801,4.8147225,1.4740448090959938e-06,PRSS23,5.5114155,8.143699,3.8338290794421675e-16,DRAP1,2.068124,11.219385,3.275414139579996e-29,IL1B,3.4012954,4.8927827,9.942018186856465e-07,SNCA,7.43315,4.2553964,2.0867897140501955e-05
66,RPL35,0.65731186,16.28599,1.2410329654580066e-59,MT-ND1,0.87438536,16.166262,8.723298498473931e-59,P2RX5,4.5207186,7.727195,1.0994236588875715e-14,LAG3,4.1656747,4.7798386,1.7543601927360391e-06,PPP1R18,1.9651405,8.1293125,4.317303719058347e-16,GABARAP,2.0908773,11.217508,3.3456482252621206e-29,LAMTOR1,1.879785,4.8562083,1.196547033085044e-06,RAP1B,3.808674,4.1922455,2.7620706287475672e-05
67,BTG1,0.9954168,16.119034,1.875167496268417e-58,ACTB,0.7822103,16.163988,9.051316043374813e-59,RPL19,0.33257988,7.6752315,1.6512034604725526e-14,CD3G,1.2057731,4.732382,2.2190050131948897e-06,PSMB10,1.6972586,7.9721327,1.559591824280312e-15,LILRB2,3.833163,11.207132,3.7618475292926695e-29,SPINT2,2.5673172,4.8513613,1.226169210772843e-06,TALDO1,3.7199826,4.104637,4.049503841938125e-05
68,RPSAP58,1.1664667,15.867323,1.066954391783438e-56,HLA-DRB1,2.3639598,16.136656,1.4097462968767298e-58,RPS13,0.53267115,7.639154,2.1865342885505108e-14,SH2D1A,1.916501,4.667004,3.0562324873696514e-06,UCP2,1.2776284,7.8301873,4.871431188573885e-15,CSTB,2.338933,11.09239,1.3658941554385298e-28,ALDH2,3.1324131,4.8270154,1.3859447810670186e-06,PPDPF,1.7241845,4.0745215,4.610904931575664e-05
69,AES,1.6516107,15.790073,3.6415332438280213e-56,NUP214,4.056215,16.064423,4.5306932210294564e-58,CD72,5.197479,7.549361,4.373987228482822e-14,SH3BGRL3,0.5249491,4.6553493,3.234316655589461e-06,EFHD2,2.3338223,7.7901626,6.692307382519937e-15,CALM2,1.87559,10.937247,7.648720460666678e-28,BID,2.1066825,4.785704,1.7038889325134358e-06,PKM,3.1349018,4.061745,4.870720333898691e-05
70,RPL24,0.6865562,15.789636,3.666933822576522e-56,CEBPB,2.3802626,15.952164,2.7519610060491453e-57,EEF2,0.5639681,7.5348463,4.8891013969334466e-14,APMAP,1.6617528,4.6415396,3.4582288829304828e-06,PSME2,1.2789735,7.696948,1.3935471538663329e-14,WARS,3.360974,10.861138,1.7653463602912623e-27,CYBA,1.3276837,4.770942,1.8336607003981147e-06,LIMS1,4.510364,3.9856355,6.729976354130056e-05
71,RPS19,0.5236002,15.623092,5.068702319950396e-55,TMSB4X,0.48263857,15.75933,5.925827969305493e-56,MARCH1,3.4456809,7.386575,1.50658725830517e-13,ARPC5L,1.2720006,4.6396637,3.4897680098449106e-06,XCL1,5.8532386,7.68734,1.5022581895112932e-14,EMP3,1.5811228,10.852253,1.9457010364351484e-27,MYL6,1.1171921,4.7647734,1.8906622325368854e-06,ACTG1,1.4710767,3.949132,7.843510162864074e-05
72,EEF1B2,0.8820451,15.479478,4.7733116669885516e-54,PRELID1,1.9060537,15.655841,3.030807852828594e-55,RPL7A,0.37099704,7.360365,1.8340786733012176e-13,LAT,1.1022612,4.633477,3.5957464085003165e-06,XBP1,1.9359818,7.6203485,2.529919685673468e-14,LILRA3,4.839933,10.8416,2.186121146113802e-27,ANXA5,1.9735519,4.7572823,1.9621689953963753e-06,DYNLL1,3.4287186,3.9334354,8.3740329529435e-05
73,GLTSCR2,1.0007675,15.425081,1.1101577152547283e-53,TNFSF13B,3.6437724,15.618388,5.4567481441438224e-55,EEF1B2,0.545033,7.3283644,2.329788776431153e-13,C9orf142,1.1641203,4.627929,3.693403693350375e-06,SEPT7,1.710485,7.5830307,3.375749682973369e-14,VASP,2.4431727,10.825927,2.594421912270483e-27,PGLS,1.9295254,4.7564006,1.9707504011555913e-06,RSU1,4.4003577,3.9202943,8.844093387186275e-05
74,RPL27,0.62513816,15.22542,2.3981532319551492e-52,RNF130,3.3174808,15.432808,9.849061304190846e-54,SNX3,0.98541623,7.2804008,3.3282958754534895e-13,HSPA8,0.49781162,4.5817494,4.6110178753228484e-06,TXNIP,0.94442725,7.5649824,3.8791743757614055e-14,MT-CO1,0.61072975,10.753406,5.711345937256843e-27,SLC25A6,1.1787192,4.751113,2.023000914082749e-06,ARF1,2.6586835,3.9091606,9.261736627812117e-05
75,RPL18A,0.46541965,14.799556,1.4745305080251794e-49,EIF4A1,1.33939,15.3229885,5.3690665134038275e-53,RPL21,0.43239173,7.2695055,3.6080622517733997e-13,GUK1,0.63367665,4.5501785,5.360047304628954e-06,MYL6,0.8888536,7.543749,4.566500286878394e-14,HLA-DRB1,2.511977,10.75037,5.902464037476433e-27,PRELID1,1.7592347,4.7407575,2.1292053391451614e-06,DNAJB6,4.17647,3.8615236,0.00011268214628788034
76,RPL7A,0.553791,14.632135,1.7520108046854902e-48,ATP6V0B,2.2716563,15.260843,1.3943522450147963e-52,RPL13,0.34147686,7.2616196,3.8248312767448024e-13,STK17A,0.8532549,4.5050364,6.636151974543834e-06,PLEK,2.460985,7.531115,5.030884531864624e-14,LYZ,2.0752773,10.654006,1.6701989012120585e-26,IFI30,2.260242,4.7343683,2.1973855325209375e-06,LY6G6F,31.752346,3.8328683,0.0001266577690445163
77,CD2,2.0676906,14.566312,4.600645752703333e-48,PFDN5,0.91003245,15.140672,8.73167154733501e-52,RPS19,0.3645684,7.257353,3.9473969811192534e-13,RPS26,0.32975337,4.4993687,6.8155501604150886e-06,MYO1F,2.0432224,7.4836583,7.228170071739237e-14,CARD16,2.399557,10.645451,1.8309537846397707e-26,C1orf162,1.9893419,4.726657,2.282466201808572e-06,CMTM5,10.428745,3.8266628,0.00012989230497877828
78,HINT1,1.2221572,14.530229,7.796026404538211e-48,RGS2,2.4902985,14.946025,1.6532758234805006e-50,RPLP2,0.38398015,7.2347617,4.663479725940289e-13,HSP90AA1,0.57029504,4.494659,6.968147782676345e-06,CYBA,1.0168306,7.4820657,7.316325472135402e-14,CASP1,2.47487,10.612171,2.6159968116817624e-26,SAMHD1,1.9936017,4.712005,2.452912962449503e-06,GP1BA,9.579409,3.8224647,0.00013212434324090758
79,RPL37A,0.6683263,14.516146,9.574491244315347e-48,CTSB,3.026809,14.894462,3.580552578923934e-50,QRSL1,3.5635724,7.205656,5.776511463690717e-13,MYO1F,1.0668966,4.4753413,7.628939424076746e-06,S1PR5,4.6190195,7.4353523,1.0428956273539875e-13,MT2A,2.4162188,10.548535,5.159515968582797e-26,CSTB,1.8156698,4.631586,3.62875189525468e-06,MYL9,9.243689,3.8122437,0.00013771093120012873
80,RPL37,0.6549206,14.173696,1.3329735847456276e-45,CSF3R,4.5941744,14.880351,4.421711386413341e-50,PLEKHF2,2.9510508,7.156893,8.252631566448993e-13,UBB,0.3921636,4.4682765,7.88523250831935e-06,BIN2,1.6044018,7.3969197,1.3937952092284078e-13,NINJ1,3.0460837,10.478608,1.0832645699220448e-25,GSN,3.771825,4.6283913,3.6851724055585323e-06,PTGS1,7.962641,3.8069508,0.0001406907147650977
81,RPL34,0.80926526,14.125385,2.6494558090420854e-45,CD74,1.4060197,14.757675,2.7458504215720344e-49,RPL37A,0.45060864,7.131292,9.943124476803223e-13,PSME1,0.41996798,4.4585376,8.252067081131851e-06,ALOX5AP,2.1181145,7.3693166,1.7150502293293507e-13,RPS19,0.6352202,10.4039345,2.379033376576311e-25,SERPINF1,8.0498,4.5596495,5.123906272482531e-06,RP11-367G6.3,8.311724,3.8058558,0.00014131475662947397
82,RPS7,0.47219658,13.929103,4.2161738962599914e-44,NFKBIA,1.9170725,14.57938,3.799504075769491e-48,SPIB,5.3115892,7.087519,1.3653742337232033e-12,FYN,1.3101908,4.4554644,8.371177764177964e-06,ANXA6,1.752988,7.3350244,2.216807898091544e-13,ISG15,2.0942578,10.391848,2.7007086148517605e-25,MS4A6A,2.489858,4.5571156,5.186084131809103e-06,SERF2,1.5565645,3.7857788,0.00015322794671257306
83,RPL6,0.39114535,13.792866,2.8135679649513634e-43,FKBP1A,1.7330973,14.445131,2.690424383287725e-47,RPS7,0.25998187,7.018222,2.2470947557698257e-12,TMBIM6,0.5596219,4.440497,8.975135850196953e-06,ACTB,0.6157688,7.2612915,3.8341135845200044e-13,RGS2,2.4278138,10.316511,5.934027434744373e-25,AIF1,2.0169017,4.5383883,5.668587533179636e-06,TPM1,7.0652328,3.7640593,0.00016717728630510244
84,CD27,2.4151099,13.763875,4.203783493755833e-43,SLC7A7,3.726268,14.434186,3.1534612525682813e-47,MEF2C,3.4316287,7.0180316,2.2501595479426042e-12,RAP1B,0.7183591,4.3896875,1.135136353666745e-05,CCND3,1.4289567,7.246853,4.2656681660897486e-13,TPI1,1.8345536,10.272855,9.339892625622005e-25,LGALS9,2.0884922,4.5013733,6.7515819490605395e-06,WDR1,3.4693584,3.7385068,0.00018511653547884327
85,GIMAP7,1.3405728,13.612859,3.358470185705724e-42,MT-CO1,0.5521763,14.371942,7.762454805871912e-47,GLTSCR2,0.58785903,6.907628,4.928234434886266e-12,RPL23A,0.30781195,4.337641,1.4402025918421269e-05,CD300A,2.8232691,7.212402,5.497351234534178e-13,C19orf38,3.4412637,10.22528,1.5278551604368366e-24,S100A11,1.8073807,4.494433,6.975556566194016e-06,SNX3,2.2652447,3.7330313,0.0001891891434794008
86,JUN,1.0778067,13.542573,8.766341158404467e-42,CTSH,3.0733824,14.276827,3.0518543283331643e-46,RPL37,0.40256038,6.865189,6.640332271638681e-12,PTPRC,0.605396,4.3249087,1.5259516800847424e-05,ZAP70,2.5091956,7.1932387,6.327224570250744e-13,PTPN6,2.290844,10.16021,2.9843387922157285e-24,RNASET2,1.6437134,4.4481645,8.660719448974285e-06,MARCH2,5.707588,3.664587,0.00024773789334674845
87,CD7,1.6843837,13.526659,1.0885963555838018e-41,ALDH2,4.353188,13.8767185,8.766640456264496e-44,IGLL5,5.9123545,6.815854,9.370532952293597e-12,ZFP36L2,0.5218893,4.307187,1.6534375351579324e-05,PSME1,0.867176,7.071253,1.5354125470255634e-12,ASAH1,2.5903206,10.143266,3.550272743165224e-24,SH3BGRL3,1.1636617,4.4480543,8.665161370173835e-06,PARVB,5.812509,3.6614842,0.00025075819845235135
88,CCR7,3.040881,13.436643,3.687936439733524e-41,CAPG,2.5273244,13.851135,1.252179657762742e-43,PNOC,5.6203794,6.7335663,1.655544507136957e-11,HSPA5,1.1816789,4.304912,1.670520951001751e-05,SH3BGRL3,0.8747293,7.0342536,2.003306356200732e-12,RNASET2,1.8008664,10.098009,5.637499626809644e-24,TGFBI,2.5764468,4.4391313,9.032277722337228e-06,SNN,5.597615,3.6134822,0.0003021120810872693
89,RPS4Y1,0.75114465,13.4226885,4.45261077832128e-41,ALDOA,1.1647393,13.801814,2.48520275923193e-43,RPL5,0.42161706,6.7305565,1.6901546865114083e-11,GZMB,1.3592833,4.2578545,2.0639825715239845e-05,SAMD3,2.7913804,7.0261846,2.1225730200910196e-12,TNFRSF1B,2.8771808,10.083659,6.524972258613389e-24,EIF3L,1.5468051,4.394625,1.1096401392296972e-05,HIST1H2BK,5.349867,3.6080067,0.00030855853092996813
90,LCK,1.7274343,13.4160595,4.869214619711866e-41,HLA-DRB5,2.0648696,13.764757,4.152787173219588e-43,RPL35,0.3410351,6.722785,1.7828381567910977e-11,ACTG1,0.37302226,4.254542,2.0947766391380555e-05,GPR56,5.0724907,6.928511,4.25292622075026e-12,C5AR1,3.4714656,10.015498,1.3030362546959739e-23,PPIA,1.1489475,4.379533,1.1893396350295098e-05,CD99,2.358682,3.5180256,0.00043477050382699565
91,PIK3IP1,2.3035002,13.297258,2.401115606257778e-40,TIMP1,2.083691,13.760965,4.376427981356707e-43,RPS10,0.3318389,6.6139054,3.7431086239211935e-11,SUN2,0.9935997,4.2421684,2.213703060261966e-05,IL2RG,1.3260343,6.776374,1.2322955356309707e-11,SH3BGRL3,1.2711184,9.93663,2.8841967744030916e-23,RGS2,1.8890839,4.355848,1.3255283426897033e-05,TPST2,3.9655266,3.4358926,0.0005906049308980959
92,RPL12,0.41466016,13.288205,2.7100021014714197e-40,FPR1,4.402169,13.662587,1.698410896954191e-42,PLAC8,0.9606948,6.603696,4.010324701401392e-11,SRSF7,0.58820283,4.1563954,3.233083304044652e-05,NCR3,2.9181733,6.772074,1.2694908940885961e-11,CDA,2.8904805,9.844847,7.214893287589314e-23,CEBPD,2.086384,4.3507805,1.3565389519096097e-05,H2AFJ,3.985944,3.4349802,0.0005925974141079863
93,EVL,1.2670145,12.986895,1.451997297751852e-38,LINC00936,2.3220105,13.606342,3.6716448822102925e-42,KIAA0125,5.8790903,6.4912353,8.513542251915653e-11,ARL6IP5,0.57762134,4.0897803,4.31782183596174e-05,DRAP1,1.2194698,6.764377,1.3388405615874049e-11,CDKN1C,5.8405304,9.753947,1.7743238897903789e-22,VAMP8,1.5818859,4.345272,1.3910306965066639e-05,ARHGDIB,1.3219078,3.3738368,0.0007412833084424912
94,TMEM123,1.4089184,12.716974,4.759374725511197e-37,ISG15,1.8185276,13.433125,3.8674091052504836e-41,RPS3A,0.5033669,6.481559,9.07797940182139e-11,SLC9A3R1,1.2222326,4.0584083,4.940829349759235e-05,ARL4C,2.0140922,6.66166,2.70751044579665e-11,S100A9,1.9766029,9.735403,2.129723319758919e-22,PFN1,0.81380486,4.293716,1.7570730929380572e-05,MAX,4.2163453,3.3701863,0.0007511736839235077
95,RPL28,0.36083373,12.637842,1.3058934939613777e-36,APOBEC3A,3.8990467,13.420102,4.610766367096135e-41,SWAP70,3.9161706,6.457901,1.0616519209413762e-10,CXCR4,0.52972114,4.058169,4.945897573336779e-05,CTSD,1.7795258,6.658794,2.7608373742954572e-11,CTSC,2.3167658,9.733802,2.1635142560141274e-22,POMP,2.1782815,4.2866654,1.813751413527145e-05,C2orf88,11.007589,3.3501093,0.0008077964552741182
96,ZFP36L2,1.0806025,12.334829,5.881373498628482e-35,LAMTOR4,1.5012289,13.175277,1.2178001865660385e-39,BLNK,4.916909,6.4171376,1.3886016926673e-10,ACTB,0.2724884,4.044479,5.2439659081921855e-05,PPIA,0.8320029,6.616858,3.6691375793080354e-11,HSBP1,2.8504243,9.690533,3.3080009802694576e-22,CYC1,1.9890933,4.255159,2.0890070324759787e-05,CLEC1B,10.021046,3.3471892,0.0008163549240454541
97,RPL15,0.33050945,12.090365,1.1875730692227676e-33,FOSB,1.534157,12.949409,2.367720006011075e-38,CD22,4.019082,6.3719177,1.8667929856181688e-10,HSP90B1,0.901136,3.9380305,8.215318254563087e-05,ANXA1,1.1355197,6.560908,5.348113181476607e-11,SLC7A7,2.9765077,9.659349,4.487051658526732e-22,ENHO,6.928241,4.253506,2.1044896802005023e-05,AC147651.3,9.86453,3.3464592,0.0008185076474387632
98,HSPA8,1.0122297,12.029469,2.4875601301437332e-33,MYL6,0.95672244,12.888581,5.219531689625123e-38,RPL11,0.2599212,6.3335924,2.3951746336772196e-10,IL7R,0.71248317,3.9123263,9.141126527573086e-05,PLEKHF1,4.1269917,6.544399,5.973512852035547e-11,MAFB,3.2686546,9.656755,4.602095865526185e-22,TPM4,2.1093419,4.234999,2.2855276997781897e-05,GAS2L1,7.09909,3.3114157,0.0009282520485894731
99,TOMM7,0.8303841,11.970171,5.092335433281225e-33,MNDA,3.6266704,12.882614,5.639289098842992e-38,POLD4,1.091597,6.309706,2.7956569628684705e-10,PPP1R18,0.8068504,3.8941658,9.853720980736767e-05,PPP1CA,1.1022997,6.5237494,6.85711987832642e-11,NAP1L1,1.5764377,9.535721,1.4884780329942772e-21,APEX1,1.8875278,4.197764,2.6956352380714944e-05,TSC22D1,7.8395777,3.3059402,0.0009465829804097694
